payment_id,customer_id,staff_id,rental_id,amount,payment_date,last_update
3,1,1,1185,5.99,"2005-06-15 00:54:12","2006-02-15 22:12:30"
5,1,2,1476,9.99,"2005-06-15 21:08:46","2006-02-15 22:12:30"
10,1,2,4526,5.99,"2005-07-08 03:17:05","2006-02-15 22:12:30"
11,1,1,4611,5.99,"2005-07-08 07:33:56","2006-02-15 22:12:30"
14,1,1,6163,7.99,"2005-07-11 10:13:46","2006-02-15 22:12:30"
32,1,1,15315,5.99,"2005-08-22 20:03:46","2006-02-15 22:12:30"
36,2,1,5755,6.99,"2005-07-10 12:38:56","2006-02-15 22:12:30"
38,2,1,7376,5.99,"2005-07-27 15:23:02","2006-02-15 22:12:30"
39,2,2,7459,5.99,"2005-07-27 18:40:20","2006-02-15 22:12:30"
40,2,2,8230,5.99,"2005-07-29 00:12:59","2006-02-15 22:12:30"
42,2,2,8705,5.99,"2005-07-29 17:14:29","2006-02-15 22:12:30"
44,2,2,9236,10.99,"2005-07-30 13:47:43","2006-02-15 22:12:30"
46,2,2,9296,6.99,"2005-07-30 16:21:13","2006-02-15 22:12:30"
47,2,2,9465,6.99,"2005-07-30 22:39:53","2006-02-15 22:12:30"
51,2,1,11087,5.99,"2005-08-02 07:41:41","2006-02-15 22:12:30"
52,2,1,11177,6.99,"2005-08-02 10:43:48","2006-02-15 22:12:30"
57,2,2,14743,5.99,"2005-08-21 22:41:56","2006-02-15 22:12:30"
62,3,1,1546,8.99,"2005-06-16 01:34:05","2006-02-15 22:12:30"
63,3,1,1726,6.99,"2005-06-16 15:19:10","2006-02-15 22:12:30"
64,3,2,1911,6.99,"2005-06-17 05:15:15","2006-02-15 22:12:30"
68,3,1,7096,5.99,"2005-07-27 04:54:42","2006-02-15 22:12:30"
69,3,2,7503,10.99,"2005-07-27 20:23:12","2006-02-15 22:12:30"
70,3,2,7703,7.99,"2005-07-28 03:59:21","2006-02-15 22:12:30"
71,3,2,7724,6.99,"2005-07-28 04:46:30","2006-02-15 22:12:30"
79,3,2,10597,5.99,"2005-08-01 14:19:48","2006-02-15 22:12:30"
81,3,1,13403,8.99,"2005-08-19 22:18:07","2006-02-15 22:12:30"
83,3,2,14699,8.99,"2005-08-21 20:50:48","2006-02-15 22:12:30"
91,4,1,2642,5.99,"2005-06-19 09:39:01","2006-02-15 22:12:30"
95,4,1,9100,5.99,"2005-07-30 08:46:09","2006-02-15 22:12:30"
96,4,1,9371,5.99,"2005-07-30 18:58:00","2006-02-15 22:12:30"
101,4,2,12294,8.99,"2005-08-18 05:14:44","2006-02-15 22:12:30"
104,4,1,13807,6.99,"2005-08-20 12:55:40","2006-02-15 22:12:30"
109,5,1,1085,6.99,"2005-05-31 11:15:43","2006-02-15 22:12:30"
119,5,2,5118,5.99,"2005-07-09 07:13:52","2006-02-15 22:12:30"
122,5,1,6042,8.99,"2005-07-11 03:17:04","2006-02-15 22:12:30"
137,5,1,12145,9.99,"2005-08-18 00:10:04","2006-02-15 22:12:30"
141,5,2,14053,6.99,"2005-08-20 22:13:59","2006-02-15 22:12:30"
142,5,1,14430,6.99,"2005-08-21 11:31:11","2006-02-15 22:12:30"
156,6,2,6211,5.99,"2005-07-11 12:39:01","2006-02-15 22:12:30"
157,6,1,6248,7.99,"2005-07-11 15:01:54","2006-02-15 22:12:30"
165,6,1,11591,6.99,"2005-08-17 02:29:41","2006-02-15 22:12:30"
169,6,2,13451,6.99,"2005-08-20 00:18:25","2006-02-15 22:12:30"
170,6,1,14329,7.99,"2005-08-21 08:22:56","2006-02-15 22:12:30"
172,6,1,15509,5.99,"2005-08-23 02:51:24","2006-02-15 22:12:30"
174,7,2,46,5.99,"2005-05-25 06:04:08","2006-02-15 22:12:30"
178,7,1,1063,5.99,"2005-05-31 08:44:29","2006-02-15 22:12:30"
184,7,2,3639,5.99,"2005-07-06 07:09:17","2006-02-15 22:12:31"
186,7,2,4787,5.99,"2005-07-08 16:16:04","2006-02-15 22:12:31"
188,7,1,5441,8.99,"2005-07-09 21:52:05","2006-02-15 22:12:31"
189,7,1,5921,7.99,"2005-07-10 21:35:12","2006-02-15 22:12:31"
193,7,2,8422,5.99,"2005-07-29 07:02:55","2006-02-15 22:12:31"
194,7,2,9624,7.99,"2005-07-31 04:30:03","2006-02-15 22:12:31"
195,7,2,10330,6.99,"2005-08-01 04:57:04","2006-02-15 22:12:31"
196,7,1,10423,5.99,"2005-08-01 08:19:53","2006-02-15 22:12:31"
200,7,2,11542,7.99,"2005-08-17 00:51:32","2006-02-15 22:12:31"
201,7,1,12367,8.99,"2005-08-18 07:57:14","2006-02-15 22:12:31"
206,7,1,14222,5.99,"2005-08-21 04:49:48","2006-02-15 22:12:31"
207,8,2,866,6.99,"2005-05-30 03:43:54","2006-02-15 22:12:31"
209,8,1,2095,5.99,"2005-06-17 18:21:35","2006-02-15 22:12:31"
211,8,1,3475,5.99,"2005-07-05 23:01:21","2006-02-15 22:12:31"
224,8,1,11232,9.99,"2005-08-02 13:04:12","2006-02-15 22:12:31"
228,8,1,15374,7.99,"2005-08-22 22:09:09","2006-02-15 22:12:31"
234,9,2,3142,7.99,"2005-06-20 19:59:28","2006-02-15 22:12:31"
241,9,1,6165,5.99,"2005-07-11 10:17:29","2006-02-15 22:12:31"
247,9,2,11400,5.99,"2005-08-02 19:00:52","2006-02-15 22:12:31"
252,9,2,14489,7.99,"2005-08-21 13:53:59","2006-02-15 22:12:31"
263,10,1,5038,7.99,"2005-07-09 03:12:52","2006-02-15 22:12:31"
268,10,2,8001,6.99,"2005-07-28 15:10:55","2006-02-15 22:12:31"
271,10,2,10671,8.99,"2005-08-01 17:09:59","2006-02-15 22:12:31"
278,10,1,15370,5.99,"2005-08-22 21:59:29","2006-02-15 22:12:31"
279,11,1,987,6.99,"2005-05-30 22:59:12","2006-02-15 22:12:31"
280,11,1,1470,6.99,"2005-06-15 20:53:07","2006-02-15 22:12:31"
281,11,1,1939,7.99,"2005-06-17 07:26:45","2006-02-15 22:12:31"
285,11,2,5835,5.99,"2005-07-10 16:44:58","2006-02-15 22:12:31"
286,11,2,6146,6.99,"2005-07-11 09:09:59","2006-02-15 22:12:31"
292,11,1,8950,9.99,"2005-07-30 03:17:13","2006-02-15 22:12:31"
293,11,2,9292,6.99,"2005-07-30 16:08:21","2006-02-15 22:12:31"
295,11,2,11166,6.99,"2005-08-02 10:14:58","2006-02-15 22:12:31"
297,11,2,12015,5.99,"2005-08-17 19:32:44","2006-02-15 22:12:31"
305,12,2,1752,5.99,"2005-06-16 17:02:55","2006-02-15 22:12:31"
306,12,2,2434,5.99,"2005-06-18 18:11:51","2006-02-15 22:12:31"
307,12,2,2500,5.99,"2005-06-18 23:07:12","2006-02-15 22:12:31"
321,12,2,9238,5.99,"2005-07-30 13:49:43","2006-02-15 22:12:31"
322,12,1,9627,5.99,"2005-07-31 04:42:46","2006-02-15 22:12:31"
323,12,2,9708,5.99,"2005-07-31 07:45:33","2006-02-15 22:12:31"
324,12,2,10392,10.99,"2005-08-01 06:50:26","2006-02-15 22:12:31"
334,13,1,3047,8.99,"2005-06-20 12:45:33","2006-02-15 22:12:31"
336,13,1,6118,8.99,"2005-07-11 07:43:08","2006-02-15 22:12:31"
342,13,2,8831,11.99,"2005-07-29 22:37:41","2006-02-15 22:12:31"
343,13,2,9260,9.99,"2005-07-30 14:38:22","2006-02-15 22:12:31"
346,13,1,9736,7.99,"2005-07-31 08:58:40","2006-02-15 22:12:32"
350,13,2,11761,5.99,"2005-08-17 09:44:59","2006-02-15 22:12:32"
351,13,2,12918,7.99,"2005-08-19 04:31:36","2006-02-15 22:12:32"
355,13,1,14252,9.99,"2005-08-21 05:44:07","2006-02-15 22:12:32"
356,13,2,14545,7.99,"2005-08-21 15:44:23","2006-02-15 22:12:32"
359,14,1,346,9.99,"2005-05-27 04:34:41","2006-02-15 22:12:32"
360,14,1,525,5.99,"2005-05-28 04:25:33","2006-02-15 22:12:32"
367,14,2,5317,7.99,"2005-07-09 16:10:25","2006-02-15 22:12:32"
369,14,1,5565,7.99,"2005-07-10 03:29:48","2006-02-15 22:12:32"
370,14,1,8035,6.99,"2005-07-28 16:23:01","2006-02-15 22:12:32"
377,14,2,10526,6.99,"2005-08-01 11:55:33","2006-02-15 22:12:32"
382,14,2,15015,6.99,"2005-08-22 08:43:50","2006-02-15 22:12:32"
387,15,1,2937,5.99,"2005-06-20 05:15:37","2006-02-15 22:12:32"
389,15,1,3550,7.99,"2005-07-06 02:29:21","2006-02-15 22:12:32"
390,15,1,4127,5.99,"2005-07-07 07:26:19","2006-02-15 22:12:32"
395,15,2,8615,6.99,"2005-07-29 13:36:01","2006-02-15 22:12:32"
402,15,1,11922,7.99,"2005-08-17 16:20:37","2006-02-15 22:12:32"
406,15,2,13339,8.99,"2005-08-19 20:18:36","2006-02-15 22:12:32"
407,15,1,13393,5.99,"2005-08-19 22:03:46","2006-02-15 22:12:32"
408,15,2,13503,5.99,"2005-08-20 02:00:33","2006-02-15 22:12:32"
413,15,2,14872,8.99,"2005-08-22 03:23:41","2006-02-15 22:12:32"
422,16,2,1934,6.99,"2005-06-17 07:04:57","2006-02-15 22:12:32"
423,16,1,1944,7.99,"2005-06-17 07:50:53","2006-02-15 22:12:32"
425,16,1,2960,7.99,"2005-06-20 07:10:09","2006-02-15 22:12:32"
434,16,2,8452,5.99,"2005-07-29 07:45:00","2006-02-15 22:12:32"
436,16,2,9610,5.99,"2005-07-31 03:54:05","2006-02-15 22:12:32"
442,16,1,12577,7.99,"2005-08-18 15:39:46","2006-02-15 22:12:32"
445,16,1,13480,6.99,"2005-08-20 01:10:27","2006-02-15 22:12:32"
446,16,1,14511,8.99,"2005-08-21 14:45:34","2006-02-15 22:12:32"
450,17,2,2175,5.99,"2005-06-18 00:17:58","2006-02-15 22:12:32"
451,17,1,2684,8.99,"2005-06-19 12:29:08","2006-02-15 22:12:32"
452,17,2,3269,5.99,"2005-06-21 05:06:30","2006-02-15 22:12:32"
456,17,2,8076,8.99,"2005-07-28 17:45:58","2006-02-15 22:12:32"
458,17,2,9092,8.99,"2005-07-30 08:30:56","2006-02-15 22:12:32"
460,17,2,9382,8.99,"2005-07-30 19:23:44","2006-02-15 22:12:32"
467,17,2,15752,5.99,"2005-08-23 12:41:38","2006-02-15 22:12:32"
471,18,2,1451,5.99,"2005-06-15 19:30:18","2006-02-15 22:12:32"
473,18,2,2112,5.99,"2005-06-17 19:52:42","2006-02-15 22:12:32"
474,18,1,2990,8.99,"2005-06-20 09:02:51","2006-02-15 22:12:32"
491,19,2,110,9.99,"2005-05-25 18:43:49","2006-02-15 22:12:33"
492,19,1,179,6.99,"2005-05-26 04:26:06","2006-02-15 22:12:33"
501,19,1,9157,5.99,"2005-07-30 11:06:23","2006-02-15 22:12:33"
503,19,2,10077,9.99,"2005-07-31 20:01:06","2006-02-15 22:12:33"
504,19,1,10176,7.99,"2005-07-31 23:40:35","2006-02-15 22:12:33"
505,19,2,11508,8.99,"2005-08-16 23:27:36","2006-02-15 22:12:33"
506,19,1,11869,5.99,"2005-08-17 14:10:22","2006-02-15 22:12:33"
507,19,1,12211,9.99,"2005-08-18 02:31:18","2006-02-15 22:12:33"
509,19,1,13718,8.99,"2005-08-20 09:53:44","2006-02-15 22:12:33"
510,19,2,13804,8.99,"2005-08-20 12:46:32","2006-02-15 22:12:33"
515,20,2,497,6.99,"2005-05-28 00:54:39","2006-02-15 22:12:33"
525,20,2,6267,6.99,"2005-07-11 15:53:00","2006-02-15 22:12:33"
527,20,2,7864,5.99,"2005-07-28 10:06:10","2006-02-15 22:12:33"
532,20,1,10616,7.99,"2005-08-01 14:59:50","2006-02-15 22:12:33"
540,20,2,15057,6.99,"2005-08-22 10:19:58","2006-02-15 22:12:33"
547,21,2,2235,7.99,"2005-06-18 04:08:50","2006-02-15 22:12:33"
551,21,1,3212,10.99,"2005-06-21 01:04:35","2006-02-15 22:12:33"
557,21,2,8196,6.99,"2005-07-28 22:56:11","2006-02-15 22:12:33"
560,21,1,9699,5.99,"2005-07-31 07:29:25","2006-02-15 22:12:33"
567,21,1,12774,6.99,"2005-08-18 23:34:22","2006-02-15 22:12:33"
571,21,1,13463,8.99,"2005-08-20 00:50:54","2006-02-15 22:12:33"
572,21,1,13699,9.99,"2005-08-20 09:26:14","2006-02-15 22:12:33"
574,21,2,14077,8.99,"2005-08-20 23:24:07","2006-02-15 22:12:33"
581,22,2,820,8.99,"2005-05-29 21:07:22","2006-02-15 22:12:33"
584,22,1,5294,6.99,"2005-07-09 15:23:42","2006-02-15 22:12:33"
587,22,1,7705,7.99,"2005-07-28 04:02:58","2006-02-15 22:12:33"
590,22,1,12023,5.99,"2005-08-17 19:54:54","2006-02-15 22:12:33"
593,22,2,13060,9.99,"2005-08-19 09:43:25","2006-02-15 22:12:33"
595,22,1,14564,6.99,"2005-08-21 16:24:43","2006-02-15 22:12:33"
596,22,1,15134,7.99,"2005-08-22 13:18:25","2006-02-15 22:12:33"
597,22,1,15589,6.99,"2005-08-23 06:03:31","2006-02-15 22:12:33"
601,23,1,129,8.99,"2005-05-25 21:20:03","2006-02-15 22:12:33"
606,23,1,3015,5.99,"2005-06-20 10:48:56","2006-02-15 22:12:33"
614,23,2,6917,5.99,"2005-07-12 22:30:15","2006-02-15 22:12:34"
615,23,1,7155,7.99,"2005-07-27 07:18:46","2006-02-15 22:12:34"
618,23,2,9209,5.99,"2005-07-30 12:55:36","2006-02-15 22:12:34"
619,23,2,9255,9.99,"2005-07-30 14:26:46","2006-02-15 22:12:34"
621,23,1,10132,6.99,"2005-07-31 21:50:24","2006-02-15 22:12:34"
626,23,2,13429,6.99,"2005-08-19 23:25:37","2006-02-15 22:12:34"
631,24,2,1007,6.99,"2005-05-31 01:02:28","2006-02-15 22:12:34"
636,24,1,2451,5.99,"2005-06-18 19:28:02","2006-02-15 22:12:34"
637,24,2,2963,7.99,"2005-06-20 07:33:09","2006-02-15 22:12:34"
638,24,2,3649,7.99,"2005-07-06 07:32:42","2006-02-15 22:12:34"
650,24,2,12165,8.99,"2005-08-18 00:53:37","2006-02-15 22:12:34"
656,25,1,90,7.99,"2005-05-25 14:31:25","2006-02-15 22:12:34"
660,25,2,1754,6.99,"2005-06-16 17:13:23","2006-02-15 22:12:34"
661,25,2,2625,8.99,"2005-06-19 08:23:11","2006-02-15 22:12:34"
672,25,1,9140,8.99,"2005-07-30 10:12:01","2006-02-15 22:12:34"
676,25,1,10324,5.99,"2005-08-01 04:49:06","2006-02-15 22:12:34"
684,25,1,15972,5.99,"2005-08-23 20:00:30","2006-02-15 22:12:34"
687,26,1,1440,5.99,"2005-06-15 18:53:14","2006-02-15 22:12:34"
689,26,1,2093,9.99,"2005-06-17 18:14:08","2006-02-15 22:12:34"
691,26,2,2421,6.99,"2005-06-18 17:25:05","2006-02-15 22:12:34"
698,26,1,4431,6.99,"2005-07-07 22:39:02","2006-02-15 22:12:34"
700,26,1,4641,6.99,"2005-07-08 09:09:46","2006-02-15 22:12:34"
711,26,1,11744,5.99,"2005-08-17 08:54:30","2006-02-15 22:12:34"
714,26,2,14192,8.99,"2005-08-21 03:37:42","2006-02-15 22:12:34"
716,26,1,14677,7.99,"2005-08-21 20:12:30","2006-02-15 22:12:34"
718,26,1,15722,7.99,"2005-08-23 11:16:29","2006-02-15 22:12:34"
729,27,1,4510,5.99,"2005-07-08 02:34:51","2006-02-15 22:12:35"
733,27,2,6562,5.99,"2005-07-12 05:26:26","2006-02-15 22:12:35"
737,27,2,9636,5.99,"2005-07-31 05:12:59","2006-02-15 22:12:35"
738,27,1,9673,7.99,"2005-07-31 06:34:55","2006-02-15 22:12:35"
740,27,1,10794,7.99,"2005-08-01 21:51:15","2006-02-15 22:12:35"
743,27,1,11661,8.99,"2005-08-17 05:25:57","2006-02-15 22:12:35"
744,27,2,11740,6.99,"2005-08-17 08:48:31","2006-02-15 22:12:35"
745,27,2,12021,5.99,"2005-08-17 19:52:43","2006-02-15 22:12:35"
761,28,1,5817,5.99,"2005-07-10 15:49:12","2006-02-15 22:12:35"
764,28,1,7580,9.99,"2005-07-27 23:07:40","2006-02-15 22:12:35"
771,28,2,10294,6.99,"2005-08-01 03:48:12","2006-02-15 22:12:35"
785,29,1,2701,7.99,"2005-06-19 13:33:06","2006-02-15 22:12:35"
790,29,2,4262,6.99,"2005-07-07 14:24:30","2006-02-15 22:12:35"
793,29,2,5442,10.99,"2005-07-09 21:55:19","2006-02-15 22:12:35"
796,29,1,7451,6.99,"2005-07-27 18:18:41","2006-02-15 22:12:35"
801,29,1,10543,5.99,"2005-08-01 12:36:09","2006-02-15 22:12:35"
807,29,2,12569,6.99,"2005-08-18 15:20:46","2006-02-15 22:12:35"
808,29,2,12615,6.99,"2005-08-18 17:16:07","2006-02-15 22:12:35"
815,29,1,14985,7.99,"2005-08-22 07:35:56","2006-02-15 22:12:35"
816,29,1,14997,5.99,"2005-08-22 07:53:00","2006-02-15 22:12:35"
825,30,2,5028,5.99,"2005-07-09 02:34:45","2006-02-15 22:12:36"
826,30,1,5108,9.99,"2005-07-09 06:44:30","2006-02-15 22:12:36"
828,30,2,5972,7.99,"2005-07-11 00:08:54","2006-02-15 22:12:36"
841,30,1,10235,6.99,"2005-08-01 01:57:48","2006-02-15 22:12:36"
855,31,2,2341,6.99,"2005-06-18 11:35:30","2006-02-15 22:12:36"
856,31,1,2396,7.99,"2005-06-18 15:49:48","2006-02-15 22:12:36"
865,31,1,4122,6.99,"2005-07-07 07:15:35","2006-02-15 22:12:36"
866,31,2,4738,9.99,"2005-07-08 13:24:58","2006-02-15 22:12:36"
876,31,2,15682,6.99,"2005-08-23 09:37:34","2006-02-15 22:12:36"
877,31,2,15816,6.99,"2005-08-23 14:58:06","2006-02-15 22:12:36"
881,32,2,1887,6.99,"2005-06-17 03:53:18","2006-02-15 22:12:36"
883,32,2,2624,5.99,"2005-06-19 08:22:09","2006-02-15 22:12:36"
889,32,1,5307,9.99,"2005-07-09 15:57:15","2006-02-15 22:12:36"
894,32,1,7084,6.99,"2005-07-27 04:34:07","2006-02-15 22:12:36"
895,32,1,7589,5.99,"2005-07-27 23:23:36","2006-02-15 22:12:36"
897,32,2,8390,5.99,"2005-07-29 05:52:26","2006-02-15 22:12:36"
902,32,2,12414,9.99,"2005-08-18 09:50:40","2006-02-15 22:12:36"
903,32,1,13736,8.99,"2005-08-20 10:31:23","2006-02-15 22:12:36"
906,32,2,14570,5.99,"2005-08-21 16:32:32","2006-02-15 22:12:36"
908,33,1,1301,10.99,"2005-06-15 09:46:33","2006-02-15 22:12:36"
909,33,2,3173,8.99,"2005-06-20 22:21:10","2006-02-15 22:12:36"
910,33,1,4095,5.99,"2005-07-07 06:01:48","2006-02-15 22:12:36"
920,33,1,13241,7.99,"2005-08-19 16:25:00","2006-02-15 22:12:36"
922,33,1,13958,7.99,"2005-08-20 18:11:44","2006-02-15 22:12:36"
925,33,1,15096,5.99,"2005-08-22 11:43:04","2006-02-15 22:12:36"
929,34,2,2257,5.99,"2005-06-18 05:29:52","2006-02-15 22:12:36"
935,34,2,5918,5.99,"2005-07-10 21:32:06","2006-02-15 22:12:36"
950,34,1,14686,5.99,"2005-08-21 20:32:08","2006-02-15 22:12:37"
951,34,2,14701,7.99,"2005-08-21 20:54:32","2006-02-15 22:12:37"
953,35,1,424,6.99,"2005-05-27 15:34:01","2006-02-15 22:12:37"
965,35,1,5916,5.99,"2005-07-10 21:26:31","2006-02-15 22:12:37"
967,35,1,6147,5.99,"2005-07-11 09:13:08","2006-02-15 22:12:37"
972,35,1,8822,6.99,"2005-07-29 22:20:21","2006-02-15 22:12:37"
973,35,1,8971,5.99,"2005-07-30 04:03:58","2006-02-15 22:12:37"
975,35,1,9579,6.99,"2005-07-31 02:59:20","2006-02-15 22:12:37"
977,35,1,11452,7.99,"2005-08-02 20:59:52","2006-02-15 22:12:37"
992,36,1,7205,6.99,"2005-07-27 09:06:13","2006-02-15 22:12:37"
994,36,2,7919,6.99,"2005-07-28 11:59:45","2006-02-15 22:12:37"
1003,36,2,10964,6.99,"2005-08-02 03:56:23","2006-02-15 22:12:37"
1009,36,1,14647,9.99,"2005-08-21 19:15:33","2006-02-15 22:12:37"
1016,37,2,3472,7.99,"2005-07-05 22:56:33","2006-02-15 22:12:37"
1017,37,1,3734,5.99,"2005-07-06 11:40:27","2006-02-15 22:12:37"
1018,37,1,5425,5.99,"2005-07-09 21:02:26","2006-02-15 22:12:37"
1020,37,1,8419,9.99,"2005-07-29 06:54:48","2006-02-15 22:12:37"
1021,37,1,9567,5.99,"2005-07-31 02:36:11","2006-02-15 22:12:37"
1024,37,1,13046,7.99,"2005-08-19 09:21:10","2006-02-15 22:12:37"
1028,37,2,14025,8.99,"2005-08-20 21:19:36","2006-02-15 22:12:37"
1039,38,1,4202,5.99,"2005-07-07 11:23:48","2006-02-15 22:12:37"
1046,38,1,6864,5.99,"2005-07-12 19:59:25","2006-02-15 22:12:38"
1049,38,2,7163,5.99,"2005-07-27 07:36:11","2006-02-15 22:12:38"
1050,38,2,7321,5.99,"2005-07-27 13:33:38","2006-02-15 22:12:38"
1057,38,2,10524,6.99,"2005-08-01 11:53:12","2006-02-15 22:12:38"
1065,38,1,14787,6.99,"2005-08-22 00:25:59","2006-02-15 22:12:38"
1067,38,1,15738,5.99,"2005-08-23 11:55:50","2006-02-15 22:12:38"
1068,39,1,1625,5.99,"2005-06-16 07:49:08","2006-02-15 22:12:38"
1074,39,1,4419,5.99,"2005-07-07 22:06:24","2006-02-15 22:12:38"
1075,39,2,4695,8.99,"2005-07-08 11:07:59","2006-02-15 22:12:38"
1076,39,2,4712,6.99,"2005-07-08 12:10:50","2006-02-15 22:12:38"
1077,39,2,4727,7.99,"2005-07-08 12:54:15","2006-02-15 22:12:38"
1081,39,2,8307,6.99,"2005-07-29 03:18:34","2006-02-15 22:12:38"
1083,39,2,8723,7.99,"2005-07-29 18:03:47","2006-02-15 22:12:38"
1092,39,1,10639,9.99,"2005-08-01 15:44:43","2006-02-15 22:12:38"
1095,39,2,13101,7.99,"2005-08-19 11:01:54","2006-02-15 22:12:38"
1096,39,2,15124,5.99,"2005-08-22 12:51:38","2006-02-15 22:12:38"
1098,40,2,2470,7.99,"2005-06-18 20:28:31","2006-02-15 22:12:38"
1104,40,1,5869,5.99,"2005-07-10 18:40:09","2006-02-15 22:12:38"
1109,40,1,9050,8.99,"2005-07-30 06:59:55","2006-02-15 22:12:38"
1111,40,2,9961,6.99,"2005-07-31 16:07:50","2006-02-15 22:12:38"
1116,40,2,12396,9.99,"2005-08-18 09:11:23","2006-02-15 22:12:38"
1118,40,1,13149,6.99,"2005-08-19 13:07:12","2006-02-15 22:12:38"
1120,40,1,13840,5.99,"2005-08-20 14:23:20","2006-02-15 22:12:38"
1122,40,1,14260,6.99,"2005-08-21 06:01:08","2006-02-15 22:12:38"
1125,41,2,3246,7.99,"2005-06-21 03:10:01","2006-02-15 22:12:38"
1127,41,2,4294,9.99,"2005-07-07 15:56:23","2006-02-15 22:12:38"
1133,41,2,8008,6.99,"2005-07-28 15:25:55","2006-02-15 22:12:38"
1135,41,1,8134,6.99,"2005-07-28 20:01:23","2006-02-15 22:12:38"
1138,41,2,9313,5.99,"2005-07-30 16:59:43","2006-02-15 22:12:38"
1140,41,1,10170,7.99,"2005-07-31 23:27:31","2006-02-15 22:12:38"
1142,41,1,10853,5.99,"2005-08-02 00:00:54","2006-02-15 22:12:38"
1146,41,2,14539,7.99,"2005-08-21 15:29:47","2006-02-15 22:12:38"
1149,42,1,635,5.99,"2005-05-28 17:46:57","2006-02-15 22:12:39"
1150,42,2,1534,0.99,"2005-06-16 00:49:32","2006-02-15 22:12:39"
1151,42,2,2056,2.99,"2005-06-17 15:27:33","2006-02-15 22:12:39"
1152,42,1,2170,3.99,"2005-06-17 23:57:34","2006-02-15 22:12:39"
1153,42,1,2302,4.99,"2005-06-18 08:27:33","2006-02-15 22:12:39"
1154,42,2,4391,2.99,"2005-07-07 21:09:38","2006-02-15 22:12:39"
1155,42,2,5199,4.99,"2005-07-09 10:50:56","2006-02-15 22:12:39"
1156,42,2,5517,5.99,"2005-07-10 01:15:00","2006-02-15 22:12:39"
1157,42,2,5652,3.99,"2005-07-10 07:18:58","2006-02-15 22:12:39"
1158,42,1,6179,2.99,"2005-07-11 10:59:59","2006-02-15 22:12:39"
1159,42,1,6799,2.99,"2005-07-12 16:52:13","2006-02-15 22:12:39"
1160,42,1,6925,0.99,"2005-07-26 22:52:32","2006-02-15 22:12:39"
1161,42,1,7405,3.99,"2005-07-27 16:25:11","2006-02-15 22:12:39"
1162,42,1,8049,0.99,"2005-07-28 16:51:58","2006-02-15 22:12:39"
1163,42,1,8095,6.99,"2005-07-28 18:32:40","2006-02-15 22:12:39"
1164,42,1,8166,2.99,"2005-07-28 21:23:33","2006-02-15 22:12:39"
1165,42,1,8499,3.99,"2005-07-29 09:10:41","2006-02-15 22:12:39"
1166,42,2,8785,2.99,"2005-07-29 20:36:26","2006-02-15 22:12:39"
1167,42,2,8852,3.99,"2005-07-29 23:30:03","2006-02-15 22:12:39"
1168,42,2,8915,3.99,"2005-07-30 01:42:09","2006-02-15 22:12:39"
1169,42,2,10060,6.99,"2005-07-31 19:23:00","2006-02-15 22:12:39"
1170,42,2,10345,2.99,"2005-08-01 05:18:56","2006-02-15 22:12:39"
1171,42,2,10845,2.99,"2005-08-01 23:47:03","2006-02-15 22:12:39"
1172,42,1,10935,5.99,"2005-08-02 02:54:53","2006-02-15 22:12:39"
1173,42,1,12478,4.99,"2005-08-18 12:25:16","2006-02-15 22:12:39"
1174,42,2,12499,2.99,"2005-08-18 13:05:37","2006-02-15 22:12:39"
1175,42,1,14461,7.99,"2005-08-21 12:50:33","2006-02-15 22:12:39"
1176,42,1,15442,2.99,"2005-08-23 00:42:49","2006-02-15 22:12:39"
1177,42,1,13351,5.98,"2006-02-14 15:16:03","2006-02-15 22:12:39"
1178,42,1,15407,0.00,"2006-02-14 15:16:03","2006-02-15 22:12:39"
1199,43,2,15800,6.99,"2005-08-23 14:23:44","2006-02-15 22:12:39"
1213,44,2,4723,9.99,"2005-07-08 12:44:59","2006-02-15 22:12:39"
1215,44,1,5787,8.99,"2005-07-10 14:08:49","2006-02-15 22:12:39"
1216,44,2,5849,6.99,"2005-07-10 17:32:33","2006-02-15 22:12:39"
1219,44,2,7526,6.99,"2005-07-27 21:13:47","2006-02-15 22:12:39"
1225,44,1,12790,6.99,"2005-08-19 00:16:54","2006-02-15 22:12:39"
1236,45,1,5181,6.99,"2005-07-09 10:07:27","2006-02-15 22:12:39"
1237,45,1,5405,7.99,"2005-07-09 20:11:49","2006-02-15 22:12:39"
1241,45,1,6966,9.99,"2005-07-27 00:15:35","2006-02-15 22:12:39"
1245,45,2,10878,6.99,"2005-08-02 00:33:12","2006-02-15 22:12:39"
1246,45,1,11004,8.99,"2005-08-02 05:04:18","2006-02-15 22:12:39"
1253,45,1,14576,6.99,"2005-08-21 16:52:03","2006-02-15 22:12:40"
1254,45,1,15812,10.99,"2005-08-23 14:47:26","2006-02-15 22:12:40"
1255,45,2,16037,7.99,"2005-08-23 22:13:04","2006-02-15 22:12:40"
1263,46,2,2965,8.99,"2005-06-20 07:33:38","2006-02-15 22:12:40"
1271,46,2,9045,8.99,"2005-07-30 06:36:57","2006-02-15 22:12:40"
1276,46,1,10827,5.99,"2005-08-01 23:13:00","2006-02-15 22:12:40"
1285,46,2,14528,6.99,"2005-08-21 15:08:05","2006-02-15 22:12:40"
1289,46,1,15758,5.99,"2005-08-23 12:47:26","2006-02-15 22:12:40"
1292,47,1,300,6.99,"2005-05-26 20:57:00","2006-02-15 22:12:40"
1294,47,1,2307,6.99,"2005-06-18 08:34:59","2006-02-15 22:12:40"
1295,47,2,3320,5.99,"2005-06-21 08:29:41","2006-02-15 22:12:40"
1297,47,2,4064,5.99,"2005-07-07 04:29:20","2006-02-15 22:12:40"
1299,47,2,6153,9.99,"2005-07-11 09:31:04","2006-02-15 22:12:40"
1303,47,2,8402,6.99,"2005-07-29 06:25:45","2006-02-15 22:12:40"
1307,47,2,11477,5.99,"2005-08-02 22:09:01","2006-02-15 22:12:40"
1308,47,1,12215,7.99,"2005-08-18 02:35:39","2006-02-15 22:12:40"
1309,47,2,12274,7.99,"2005-08-18 04:41:47","2006-02-15 22:12:40"
1315,48,2,1689,9.99,"2005-06-16 12:18:41","2006-02-15 22:12:40"
1319,48,2,5148,6.99,"2005-07-09 08:22:46","2006-02-15 22:12:40"
1322,48,1,8716,6.99,"2005-07-29 17:39:09","2006-02-15 22:12:40"
1323,48,1,9402,7.99,"2005-07-30 20:18:27","2006-02-15 22:12:40"
1324,48,2,9742,7.99,"2005-07-31 09:10:20","2006-02-15 22:12:40"
1334,49,2,1237,9.99,"2005-06-15 04:44:10","2006-02-15 22:12:40"
1336,49,2,1777,6.99,"2005-06-16 18:52:12","2006-02-15 22:12:40"
1342,49,1,6279,6.99,"2005-07-11 16:26:07","2006-02-15 22:12:41"
1343,49,1,6521,7.99,"2005-07-12 04:06:11","2006-02-15 22:12:41"
1346,49,2,7742,8.99,"2005-07-28 05:33:16","2006-02-15 22:12:41"
1347,49,2,8553,10.99,"2005-07-29 11:15:36","2006-02-15 22:12:41"
1354,49,2,14168,5.99,"2005-08-21 03:00:03","2006-02-15 22:12:41"
1355,49,1,14627,6.99,"2005-08-21 18:35:54","2006-02-15 22:12:41"
1369,50,2,5681,9.99,"2005-07-10 08:48:39","2006-02-15 22:12:41"
1370,50,1,5928,6.99,"2005-07-10 21:58:30","2006-02-15 22:12:41"
1372,50,1,6667,8.99,"2005-07-12 11:36:22","2006-02-15 22:12:41"
1376,50,1,8619,5.99,"2005-07-29 13:50:08","2006-02-15 22:12:41"
1379,50,2,9691,10.99,"2005-07-31 07:09:55","2006-02-15 22:12:41"
1382,50,2,10180,6.99,"2005-07-31 23:57:43","2006-02-15 22:12:41"
1384,50,2,10485,7.99,"2005-08-01 10:20:34","2006-02-15 22:12:41"
1386,50,1,12766,6.99,"2005-08-18 23:25:20","2006-02-15 22:12:41"
1387,50,2,13136,7.99,"2005-08-19 12:24:23","2006-02-15 22:12:41"
1390,50,2,15388,6.99,"2005-08-22 22:49:23","2006-02-15 22:12:41"
1397,51,1,3525,9.99,"2005-07-06 01:02:39","2006-02-15 22:12:41"
1399,51,2,5304,5.99,"2005-07-09 15:48:06","2006-02-15 22:12:41"
1400,51,1,5473,7.99,"2005-07-09 23:19:11","2006-02-15 22:12:41"
1402,51,1,7207,5.99,"2005-07-27 09:13:26","2006-02-15 22:12:41"
1403,51,1,7398,6.99,"2005-07-27 16:07:22","2006-02-15 22:12:41"
1404,51,1,7636,5.99,"2005-07-28 01:08:36","2006-02-15 22:12:41"
1414,51,2,11751,6.99,"2005-08-17 09:07:56","2006-02-15 22:12:41"
1421,51,2,14221,6.99,"2005-08-21 04:49:41","2006-02-15 22:12:41"
1434,52,1,6394,7.99,"2005-07-11 22:29:15","2006-02-15 22:12:42"
1436,52,2,7438,5.99,"2005-07-27 17:40:40","2006-02-15 22:12:42"
1448,52,2,13090,5.99,"2005-08-19 10:39:54","2006-02-15 22:12:42"
1450,52,1,14822,5.99,"2005-08-22 01:21:14","2006-02-15 22:12:42"
1451,52,2,14961,6.99,"2005-08-22 06:35:50","2006-02-15 22:12:42"
1452,52,2,15891,5.99,"2005-08-23 17:00:12","2006-02-15 22:12:42"
1454,53,1,88,3.99,"2005-05-25 14:13:54","2006-02-15 22:12:42"
1455,53,1,378,2.99,"2005-05-27 09:23:22","2006-02-15 22:12:42"
1456,53,1,751,0.99,"2005-05-29 09:55:43","2006-02-15 22:12:42"
1457,53,2,783,5.99,"2005-05-29 14:41:18","2006-02-15 22:12:42"
1458,53,2,856,9.99,"2005-05-30 02:01:21","2006-02-15 22:12:42"
1459,53,1,1107,2.99,"2005-05-31 15:04:05","2006-02-15 22:12:42"
1460,53,1,1964,0.99,"2005-06-17 09:10:09","2006-02-15 22:12:42"
1461,53,1,2388,2.99,"2005-06-18 15:26:30","2006-02-15 22:12:42"
1462,53,1,2903,2.99,"2005-06-20 02:49:01","2006-02-15 22:12:42"
1463,53,2,3140,2.99,"2005-06-20 19:47:12","2006-02-15 22:12:42"
1464,53,2,3244,0.99,"2005-06-21 03:01:10","2006-02-15 22:12:42"
1465,53,2,3591,2.99,"2005-07-06 04:37:10","2006-02-15 22:12:42"
1466,53,2,3898,4.99,"2005-07-06 19:12:37","2006-02-15 22:12:42"
1467,53,2,5185,2.99,"2005-07-09 10:14:39","2006-02-15 22:12:42"
1468,53,2,7466,2.99,"2005-07-27 18:51:17","2006-02-15 22:12:42"
1469,53,1,7699,4.99,"2005-07-28 03:52:21","2006-02-15 22:12:42"
1470,53,1,9343,4.99,"2005-07-30 18:13:13","2006-02-15 22:12:42"
1471,53,1,9928,7.99,"2005-07-31 15:13:57","2006-02-15 22:12:42"
1472,53,1,10594,3.99,"2005-08-01 14:14:59","2006-02-15 22:12:42"
1473,53,1,12054,5.99,"2005-08-17 20:59:56","2006-02-15 22:12:42"
1474,53,1,12580,2.99,"2005-08-18 15:49:08","2006-02-15 22:12:42"
1475,53,1,13049,5.99,"2005-08-19 09:25:40","2006-02-15 22:12:42"
1476,53,2,13789,2.99,"2005-08-20 12:16:38","2006-02-15 22:12:42"
1477,53,1,14061,2.99,"2005-08-20 22:32:11","2006-02-15 22:12:42"
1478,53,2,14091,0.99,"2005-08-21 00:11:17","2006-02-15 22:12:42"
1479,53,2,14119,5.99,"2005-08-21 01:15:59","2006-02-15 22:12:42"
1480,53,1,14671,4.99,"2005-08-21 19:59:30","2006-02-15 22:12:42"
1481,53,2,14811,0.99,"2005-08-22 01:09:04","2006-02-15 22:12:42"
1482,53,2,11657,7.98,"2006-02-14 15:16:03","2006-02-15 22:12:42"
1483,53,1,14137,0.00,"2006-02-14 15:16:03","2006-02-15 22:12:42"
1489,54,2,2323,6.99,"2005-06-18 09:55:02","2006-02-15 22:12:42"
1495,54,1,6338,7.99,"2005-07-11 19:39:41","2006-02-15 22:12:42"
1499,54,2,10489,5.99,"2005-08-01 10:27:42","2006-02-15 22:12:42"
1500,54,2,10882,5.99,"2005-08-02 00:47:16","2006-02-15 22:12:42"
1505,54,2,12775,5.99,"2005-08-18 23:35:56","2006-02-15 22:12:43"
1511,54,1,15226,10.99,"2005-08-22 17:20:17","2006-02-15 22:12:43"
1514,55,1,1027,9.99,"2005-05-31 03:46:19","2006-02-15 22:12:43"
1522,55,2,6314,7.99,"2005-07-11 18:32:44","2006-02-15 22:12:43"
1524,55,2,8288,6.99,"2005-07-29 02:04:22","2006-02-15 22:12:43"
1526,55,2,9596,5.99,"2005-07-31 03:28:47","2006-02-15 22:12:43"
1532,55,1,13345,6.99,"2005-08-19 20:25:24","2006-02-15 22:12:43"
1536,56,1,341,5.99,"2005-05-27 04:01:42","2006-02-15 22:12:43"
1538,56,1,569,6.99,"2005-05-28 10:12:41","2006-02-15 22:12:43"
1539,56,2,1795,6.99,"2005-06-16 20:09:01","2006-02-15 22:12:43"
1543,56,1,3718,7.99,"2005-07-06 10:57:56","2006-02-15 22:12:43"
1549,56,1,7696,7.99,"2005-07-28 03:41:35","2006-02-15 22:12:43"
1552,56,2,10356,6.99,"2005-08-01 05:49:17","2006-02-15 22:12:43"
1555,56,1,11358,5.99,"2005-08-02 17:45:02","2006-02-15 22:12:43"
1559,56,2,13560,8.99,"2005-08-20 04:17:16","2006-02-15 22:12:43"
1560,56,1,13769,5.99,"2005-08-20 11:43:52","2006-02-15 22:12:43"
1563,56,2,15702,7.99,"2005-08-23 10:23:28","2006-02-15 22:12:43"
1565,57,2,152,9.99,"2005-05-26 00:41:10","2006-02-15 22:12:43"
1567,57,1,2058,5.99,"2005-06-17 15:34:41","2006-02-15 22:12:43"
1570,57,2,2910,7.99,"2005-06-20 03:31:18","2006-02-15 22:12:43"
1580,57,2,8249,5.99,"2005-07-29 00:48:44","2006-02-15 22:12:43"
1587,57,2,12925,5.99,"2005-08-19 04:59:01","2006-02-15 22:12:43"
1590,57,2,13929,9.99,"2005-08-20 17:13:48","2006-02-15 22:12:44"
1592,57,2,15871,9.99,"2005-08-23 16:24:24","2006-02-15 22:12:44"
1594,58,2,276,7.99,"2005-05-26 17:16:07","2006-02-15 22:12:44"
1602,58,1,7063,9.99,"2005-07-27 03:52:27","2006-02-15 22:12:44"
1610,58,1,11416,6.99,"2005-08-02 19:44:04","2006-02-15 22:12:44"
1611,58,2,12292,8.99,"2005-08-18 05:08:54","2006-02-15 22:12:44"
1612,58,1,13194,6.99,"2005-08-19 14:34:12","2006-02-15 22:12:44"
1616,58,2,14305,5.99,"2005-08-21 07:29:05","2006-02-15 22:12:44"
1617,58,1,14665,6.99,"2005-08-21 19:49:46","2006-02-15 22:12:44"
1622,59,1,1154,5.99,"2005-05-31 21:42:09","2006-02-15 22:12:44"
1630,59,2,5195,8.99,"2005-07-09 10:39:31","2006-02-15 22:12:44"
1635,59,1,9469,8.99,"2005-07-30 22:56:34","2006-02-15 22:12:44"
1636,59,2,9573,6.99,"2005-07-31 02:45:38","2006-02-15 22:12:44"
1638,59,1,12833,5.99,"2005-08-19 01:42:28","2006-02-15 22:12:44"
1642,59,1,14135,5.99,"2005-08-21 01:53:54","2006-02-15 22:12:44"
1643,59,1,14977,5.99,"2005-08-22 07:12:53","2006-02-15 22:12:44"
1644,59,2,15271,5.99,"2005-08-22 18:48:48","2006-02-15 22:12:44"
1647,60,1,318,4.99,"2005-05-26 23:37:39","2006-02-15 22:12:44"
1648,60,2,706,1.99,"2005-05-29 03:05:49","2006-02-15 22:12:44"
1649,60,2,934,2.99,"2005-05-30 13:24:46","2006-02-15 22:12:44"
1650,60,2,1482,4.99,"2005-06-15 21:18:16","2006-02-15 22:12:44"
1651,60,2,2394,4.99,"2005-06-18 15:42:30","2006-02-15 22:12:44"
1652,60,2,3473,2.99,"2005-07-05 22:57:34","2006-02-15 22:12:44"
1653,60,1,3849,2.99,"2005-07-06 16:49:43","2006-02-15 22:12:44"
1654,60,1,6282,5.99,"2005-07-11 16:46:22","2006-02-15 22:12:44"
1655,60,2,7067,0.99,"2005-07-27 03:55:10","2006-02-15 22:12:44"
1656,60,1,7331,3.99,"2005-07-27 13:57:50","2006-02-15 22:12:44"
1657,60,1,7494,0.99,"2005-07-27 19:56:31","2006-02-15 22:12:44"
1658,60,1,9356,4.99,"2005-07-30 18:36:24","2006-02-15 22:12:44"
1659,60,1,9761,4.99,"2005-07-31 09:31:54","2006-02-15 22:12:44"
1660,60,2,10680,0.99,"2005-08-01 17:28:05","2006-02-15 22:12:44"
1661,60,1,11092,4.99,"2005-08-02 07:58:50","2006-02-15 22:12:44"
1662,60,1,11404,8.99,"2005-08-02 19:12:40","2006-02-15 22:12:44"
1663,60,1,12084,1.99,"2005-08-17 22:16:49","2006-02-15 22:12:44"
1664,60,2,12614,7.99,"2005-08-18 17:16:03","2006-02-15 22:12:45"
1665,60,1,15093,2.99,"2005-08-22 11:39:03","2006-02-15 22:12:45"
1666,60,1,15318,2.99,"2005-08-22 20:15:16","2006-02-15 22:12:45"
1667,60,1,15618,5.99,"2005-08-23 07:07:58","2006-02-15 22:12:45"
1668,60,1,15632,0.99,"2005-08-23 07:30:26","2006-02-15 22:12:45"
1669,60,1,15649,2.99,"2005-08-23 08:28:03","2006-02-15 22:12:45"
1670,60,2,12489,9.98,"2006-02-14 15:16:03","2006-02-15 22:12:45"
1671,60,2,14741,0.00,"2006-02-14 15:16:03","2006-02-15 22:12:45"
1673,61,1,7027,7.99,"2005-07-27 02:50:15","2006-02-15 22:12:45"
1675,61,2,8029,6.99,"2005-07-28 16:11:21","2006-02-15 22:12:45"
1678,61,2,9597,6.99,"2005-07-31 03:29:07","2006-02-15 22:12:45"
1681,61,1,12072,9.99,"2005-08-17 21:50:25","2006-02-15 22:12:45"
1684,61,2,15089,6.99,"2005-08-22 11:34:06","2006-02-15 22:12:45"
1688,62,2,1241,6.99,"2005-06-15 04:59:43","2006-02-15 22:12:45"
1692,62,1,3035,5.99,"2005-06-20 12:17:03","2006-02-15 22:12:45"
1701,62,1,11297,5.99,"2005-08-02 15:22:47","2006-02-15 22:12:45"
1703,62,2,13512,8.99,"2005-08-20 02:27:13","2006-02-15 22:12:45"
1707,62,1,15464,6.99,"2005-08-23 01:15:18","2006-02-15 22:12:45"
1710,63,2,3923,8.99,"2005-07-06 20:34:10","2006-02-15 22:12:45"
1712,63,1,5585,6.99,"2005-07-10 04:15:43","2006-02-15 22:12:45"
1716,63,2,6847,8.99,"2005-07-12 19:22:37","2006-02-15 22:12:45"
1717,63,2,8311,5.99,"2005-07-29 03:26:07","2006-02-15 22:12:45"
1724,63,1,10288,6.99,"2005-08-01 03:38:42","2006-02-15 22:12:45"
1728,63,1,12954,7.99,"2005-08-19 06:04:34","2006-02-15 22:12:45"
1730,63,1,13624,8.99,"2005-08-20 06:51:02","2006-02-15 22:12:45"
1732,63,1,15060,5.99,"2005-08-22 10:24:32","2006-02-15 22:12:45"
1742,64,2,4819,5.99,"2005-07-08 17:19:15","2006-02-15 22:12:45"
1743,64,2,4971,5.99,"2005-07-08 23:54:49","2006-02-15 22:12:45"
1756,64,1,9880,6.99,"2005-07-31 13:49:02","2006-02-15 22:12:46"
1764,64,1,14167,5.99,"2005-08-21 02:59:48","2006-02-15 22:12:46"
1769,65,1,2173,7.99,"2005-06-18 00:08:20","2006-02-15 22:12:46"
1776,65,1,7877,6.99,"2005-07-28 10:25:36","2006-02-15 22:12:46"
1778,65,2,8404,5.99,"2005-07-29 06:27:01","2006-02-15 22:12:46"
1780,65,2,11100,5.99,"2005-08-02 08:08:00","2006-02-15 22:12:46"
1781,65,1,11227,8.99,"2005-08-02 12:48:05","2006-02-15 22:12:46"
1784,65,1,12114,7.99,"2005-08-17 23:02:00","2006-02-15 22:12:46"
1785,65,1,12688,6.99,"2005-08-18 19:59:54","2006-02-15 22:12:46"
1787,65,2,14140,6.99,"2005-08-21 02:04:57","2006-02-15 22:12:46"
1796,66,2,3395,6.99,"2005-06-21 15:19:19","2006-02-15 22:12:46"
1801,66,2,4165,6.99,"2005-07-07 09:23:27","2006-02-15 22:12:46"
1802,66,2,4911,5.99,"2005-07-08 21:20:26","2006-02-15 22:12:46"
1804,66,1,6290,8.99,"2005-07-11 17:12:42","2006-02-15 22:12:46"
1805,66,2,6348,5.99,"2005-07-11 20:21:18","2006-02-15 22:12:46"
1809,66,1,9091,5.99,"2005-07-30 08:30:45","2006-02-15 22:12:46"
1811,66,2,11028,5.99,"2005-08-02 05:48:20","2006-02-15 22:12:46"
1813,66,1,11683,5.99,"2005-08-17 06:15:17","2006-02-15 22:12:46"
1818,66,1,14217,6.99,"2005-08-21 04:37:56","2006-02-15 22:12:46"
1822,66,1,15598,8.99,"2005-08-23 06:23:26","2006-02-15 22:12:47"
1823,67,2,331,9.99,"2005-05-27 02:22:26","2006-02-15 22:12:47"
1833,67,2,7277,5.99,"2005-07-27 11:48:37","2006-02-15 22:12:47"
1836,67,1,9640,7.99,"2005-07-31 05:33:25","2006-02-15 22:12:47"
1837,67,1,11295,8.99,"2005-08-02 15:10:06","2006-02-15 22:12:47"
1838,67,1,11894,8.99,"2005-08-17 15:15:01","2006-02-15 22:12:47"
1845,68,2,1828,5.99,"2005-06-16 22:04:34","2006-02-15 22:12:47"
1846,68,2,1957,8.99,"2005-06-17 08:50:58","2006-02-15 22:12:47"
1853,68,2,4555,6.99,"2005-07-08 04:48:36","2006-02-15 22:12:47"
1859,68,1,10115,7.99,"2005-07-31 21:13:47","2006-02-15 22:12:47"
1864,68,2,14455,5.99,"2005-08-21 12:36:11","2006-02-15 22:12:47"
1871,69,1,3883,8.99,"2005-07-06 18:39:38","2006-02-15 22:12:47"
1876,69,1,6385,6.99,"2005-07-11 22:07:32","2006-02-15 22:12:47"
1877,69,2,6785,6.99,"2005-07-12 16:30:57","2006-02-15 22:12:47"
1878,69,2,8649,6.99,"2005-07-29 14:57:33","2006-02-15 22:12:47"
1885,69,1,12966,5.99,"2005-08-19 06:37:48","2006-02-15 22:12:47"
1886,69,1,13023,5.99,"2005-08-19 08:13:54","2006-02-15 22:12:47"
1895,70,1,5927,5.99,"2005-07-10 21:57:14","2006-02-15 22:12:47"
1897,70,2,7421,7.99,"2005-07-27 17:10:05","2006-02-15 22:12:47"
1901,70,1,11274,9.99,"2005-08-02 14:24:08","2006-02-15 22:12:48"
1905,70,1,12581,6.99,"2005-08-18 15:49:15","2006-02-15 22:12:48"
1911,71,1,272,9.99,"2005-05-26 16:27:11","2006-02-15 22:12:48"
1914,71,2,3345,5.99,"2005-06-21 11:05:07","2006-02-15 22:12:48"
1918,71,1,5543,8.99,"2005-07-10 02:48:03","2006-02-15 22:12:48"
1922,71,1,6739,5.99,"2005-07-12 14:22:08","2006-02-15 22:12:48"
1934,71,1,14105,7.99,"2005-08-21 00:44:34","2006-02-15 22:12:48"
1952,72,2,9420,5.99,"2005-07-30 21:05:18","2006-02-15 22:12:48"
1955,72,2,11206,6.99,"2005-08-02 11:58:03","2006-02-15 22:12:48"
1956,72,2,11422,5.99,"2005-08-02 19:52:08","2006-02-15 22:12:48"
1977,73,1,6514,9.99,"2005-07-12 03:47:44","2006-02-15 22:12:49"
1994,74,2,1121,6.99,"2005-05-31 16:37:36","2006-02-15 22:12:49"
1998,74,2,3445,7.99,"2005-06-21 20:40:28","2006-02-15 22:12:49"
2003,74,1,6241,7.99,"2005-07-11 14:40:48","2006-02-15 22:12:49"
2005,74,1,7304,6.99,"2005-07-27 12:56:56","2006-02-15 22:12:49"
2006,74,2,8796,5.99,"2005-07-29 21:09:11","2006-02-15 22:12:49"
2015,74,2,13747,5.99,"2005-08-20 10:56:06","2006-02-15 22:12:49"
2021,75,1,180,4.99,"2005-05-26 04:46:23","2006-02-15 22:12:49"
2022,75,2,268,0.99,"2005-05-26 16:19:08","2006-02-15 22:12:49"
2023,75,1,1920,4.99,"2005-06-17 06:00:23","2006-02-15 22:12:49"
2024,75,1,2161,7.99,"2005-06-17 23:39:50","2006-02-15 22:12:49"
2025,75,2,2738,4.99,"2005-06-19 15:56:30","2006-02-15 22:12:49"
2026,75,2,3062,6.99,"2005-06-20 13:50:00","2006-02-15 22:12:49"
2027,75,1,3210,4.99,"2005-06-21 01:00:25","2006-02-15 22:12:49"
2028,75,1,3711,0.99,"2005-07-06 10:46:15","2006-02-15 22:12:49"
2029,75,2,4179,2.99,"2005-07-07 10:17:15","2006-02-15 22:12:49"
2030,75,2,4511,0.99,"2005-07-08 02:36:21","2006-02-15 22:12:49"
2031,75,1,4639,5.99,"2005-07-08 08:57:21","2006-02-15 22:12:49"
2032,75,2,5260,2.99,"2005-07-09 14:05:45","2006-02-15 22:12:49"
2033,75,2,6052,0.99,"2005-07-11 03:51:27","2006-02-15 22:12:49"
2034,75,1,6092,3.99,"2005-07-11 05:51:31","2006-02-15 22:12:49"
2035,75,1,6486,0.99,"2005-07-12 02:09:36","2006-02-15 22:12:49"
2036,75,2,6530,0.99,"2005-07-12 04:33:19","2006-02-15 22:12:49"
2037,75,2,6852,2.99,"2005-07-12 19:33:49","2006-02-15 22:12:49"
2038,75,1,7052,2.99,"2005-07-27 03:36:38","2006-02-15 22:12:49"
2039,75,1,7454,4.99,"2005-07-27 18:27:26","2006-02-15 22:12:49"
2040,75,1,7843,0.99,"2005-07-28 09:10:22","2006-02-15 22:12:49"
2041,75,2,7897,2.99,"2005-07-28 11:01:51","2006-02-15 22:12:49"
2042,75,2,8202,1.99,"2005-07-28 23:11:45","2006-02-15 22:12:49"
2043,75,1,8823,6.99,"2005-07-29 22:22:12","2006-02-15 22:12:49"
2044,75,2,9168,5.99,"2005-07-30 11:31:17","2006-02-15 22:12:49"
2045,75,2,9442,4.99,"2005-07-30 21:44:31","2006-02-15 22:12:49"
2046,75,2,9501,4.99,"2005-07-30 23:59:21","2006-02-15 22:12:49"
2047,75,1,9783,9.99,"2005-07-31 10:15:46","2006-02-15 22:12:49"
2048,75,2,10653,5.99,"2005-08-01 16:28:07","2006-02-15 22:12:49"
2049,75,1,10726,3.99,"2005-08-01 19:14:53","2006-02-15 22:12:50"
2050,75,1,10871,4.99,"2005-08-02 00:27:24","2006-02-15 22:12:50"
2051,75,1,11330,0.99,"2005-08-02 16:45:33","2006-02-15 22:12:50"
2052,75,1,12002,2.99,"2005-08-17 18:56:02","2006-02-15 22:12:50"
2053,75,2,12239,0.99,"2005-08-18 03:26:42","2006-02-15 22:12:50"
2054,75,1,12336,1.99,"2005-08-18 06:59:41","2006-02-15 22:12:50"
2055,75,1,12412,5.99,"2005-08-18 09:49:52","2006-02-15 22:12:50"
2056,75,1,12426,4.99,"2005-08-18 10:24:11","2006-02-15 22:12:50"
2057,75,1,12662,0.99,"2005-08-18 19:10:41","2006-02-15 22:12:50"
2058,75,2,15928,5.99,"2005-08-23 18:23:24","2006-02-15 22:12:50"
2059,75,2,13534,8.97,"2006-02-14 15:16:03","2006-02-15 22:12:50"
2060,75,1,14488,0.00,"2006-02-14 15:16:03","2006-02-15 22:12:50"
2061,75,2,15191,0.00,"2006-02-14 15:16:03","2006-02-15 22:12:50"
2065,76,1,1791,6.99,"2005-06-16 20:04:28","2006-02-15 22:12:50"
2073,76,2,8253,6.99,"2005-07-29 00:57:06","2006-02-15 22:12:50"
2080,76,2,11172,7.99,"2005-08-02 10:27:52","2006-02-15 22:12:50"
2084,76,1,15566,10.99,"2005-08-23 05:17:23","2006-02-15 22:12:50"
2089,77,1,760,5.99,"2005-05-29 11:07:25","2006-02-15 22:12:50"
2092,77,2,2452,8.99,"2005-06-18 19:29:21","2006-02-15 22:12:50"
2107,77,2,11767,7.99,"2005-08-17 10:00:40","2006-02-15 22:12:50"
2108,77,1,12065,6.99,"2005-08-17 21:31:46","2006-02-15 22:12:50"
2110,77,2,13752,9.99,"2005-08-20 11:17:45","2006-02-15 22:12:50"
2114,78,2,2949,6.99,"2005-06-20 06:05:53","2006-02-15 22:12:50"
2115,78,2,3248,7.99,"2005-06-21 03:12:21","2006-02-15 22:12:50"
2117,78,2,4227,5.99,"2005-07-07 12:41:36","2006-02-15 22:12:50"
2127,78,1,7957,6.99,"2005-07-28 13:34:08","2006-02-15 22:12:51"
2129,78,1,9068,5.99,"2005-07-30 07:31:45","2006-02-15 22:12:51"
2132,78,1,10831,7.99,"2005-08-01 23:22:45","2006-02-15 22:12:51"
2133,78,1,10942,10.99,"2005-08-02 03:16:31","2006-02-15 22:12:51"
2134,78,2,12474,8.99,"2005-08-18 12:10:03","2006-02-15 22:12:51"
2136,78,2,13124,5.99,"2005-08-19 11:55:59","2006-02-15 22:12:51"
2138,78,2,13792,5.99,"2005-08-20 12:21:37","2006-02-15 22:12:51"
2142,78,2,14862,7.99,"2005-08-22 02:51:41","2006-02-15 22:12:51"
2156,79,2,6162,5.99,"2005-07-11 10:12:30","2006-02-15 22:12:51"
2157,79,1,7220,9.99,"2005-07-27 09:35:54","2006-02-15 22:12:51"
2160,79,2,9845,6.99,"2005-07-31 12:28:05","2006-02-15 22:12:51"
2167,80,2,2805,8.99,"2005-06-19 19:29:17","2006-02-15 22:12:51"
2170,80,2,4268,8.99,"2005-07-07 14:36:05","2006-02-15 22:12:51"
2172,80,1,4688,5.99,"2005-07-08 11:03:29","2006-02-15 22:12:51"
2175,80,1,6199,5.99,"2005-07-11 12:16:03","2006-02-15 22:12:51"
2176,80,2,6417,6.99,"2005-07-11 23:35:11","2006-02-15 22:12:51"
2179,80,1,8509,5.99,"2005-07-29 09:38:19","2006-02-15 22:12:51"
2180,80,1,8884,6.99,"2005-07-30 00:26:22","2006-02-15 22:12:51"
2182,80,1,10656,6.99,"2005-08-01 16:38:04","2006-02-15 22:12:51"
2183,80,1,10690,8.99,"2005-08-01 18:05:54","2006-02-15 22:12:51"
2184,80,2,11101,5.99,"2005-08-02 08:08:24","2006-02-15 22:12:51"
2193,80,1,15648,8.99,"2005-08-23 08:27:57","2006-02-15 22:12:52"
2194,80,1,16012,5.99,"2005-08-23 21:13:39","2006-02-15 22:12:52"
2198,81,1,2854,5.99,"2005-06-19 23:11:48","2006-02-15 22:12:52"
2201,81,2,4983,9.99,"2005-07-09 00:34:16","2006-02-15 22:12:52"
2207,81,1,11837,5.99,"2005-08-17 13:04:41","2006-02-15 22:12:52"
2209,81,2,13820,5.99,"2005-08-20 13:26:37","2006-02-15 22:12:52"
2212,81,2,14748,7.99,"2005-08-21 23:02:02","2006-02-15 22:12:52"
2213,81,1,15224,5.99,"2005-08-22 17:18:05","2006-02-15 22:12:52"
2219,82,2,288,8.99,"2005-05-26 19:47:49","2006-02-15 22:12:52"
2222,82,1,2506,8.99,"2005-06-18 23:29:53","2006-02-15 22:12:52"
2223,82,1,2819,8.99,"2005-06-19 20:13:33","2006-02-15 22:12:52"
2226,82,1,4598,6.99,"2005-07-08 06:46:26","2006-02-15 22:12:52"
2228,82,2,6082,6.99,"2005-07-11 05:12:41","2006-02-15 22:12:52"
2229,82,2,6708,6.99,"2005-07-12 13:10:55","2006-02-15 22:12:52"
2230,82,2,7733,9.99,"2005-07-28 05:04:47","2006-02-15 22:12:52"
2234,82,1,9305,8.99,"2005-07-30 16:45:56","2006-02-15 22:12:52"
2235,82,1,9447,6.99,"2005-07-30 21:54:22","2006-02-15 22:12:52"
2237,82,2,11688,5.99,"2005-08-17 06:41:58","2006-02-15 22:12:52"
2240,82,2,13847,6.99,"2005-08-20 14:33:59","2006-02-15 22:12:52"
2247,83,1,1354,5.99,"2005-06-15 13:13:49","2006-02-15 22:12:52"
2248,83,1,1591,5.99,"2005-06-16 05:12:37","2006-02-15 22:12:52"
2251,83,2,3722,6.99,"2005-07-06 11:10:27","2006-02-15 22:12:52"
2254,83,2,5394,6.99,"2005-07-09 19:36:15","2006-02-15 22:12:52"
2261,83,1,11565,5.99,"2005-08-17 01:28:05","2006-02-15 22:12:53"
2264,83,2,12985,5.99,"2005-08-19 07:08:05","2006-02-15 22:12:53"
2267,83,2,15737,5.99,"2005-08-23 11:52:18","2006-02-15 22:12:53"
2270,84,1,739,6.99,"2005-05-29 08:28:18","2006-02-15 22:12:53"
2275,84,1,2012,5.99,"2005-06-17 11:57:15","2006-02-15 22:12:53"
2278,84,2,4079,6.99,"2005-07-07 05:06:27","2006-02-15 22:12:53"
2279,84,2,4838,6.99,"2005-07-08 18:11:00","2006-02-15 22:12:53"
2280,84,1,5221,5.99,"2005-07-09 12:02:23","2006-02-15 22:12:53"
2282,84,1,5971,5.99,"2005-07-11 00:05:58","2006-02-15 22:12:53"
2284,84,2,6415,9.99,"2005-07-11 23:27:52","2006-02-15 22:12:53"
2287,84,1,8654,8.99,"2005-07-29 15:04:27","2006-02-15 22:12:53"
2294,84,2,11453,7.99,"2005-08-02 21:00:05","2006-02-15 22:12:53"
2299,84,1,14330,5.99,"2005-08-21 08:29:20","2006-02-15 22:12:53"
2302,85,1,690,9.99,"2005-05-29 00:54:53","2006-02-15 22:12:53"
2305,85,1,2131,5.99,"2005-06-17 21:02:25","2006-02-15 22:12:53"
2315,85,2,9427,7.99,"2005-07-30 21:16:33","2006-02-15 22:12:53"
2320,85,2,11067,8.99,"2005-08-02 07:03:24","2006-02-15 22:12:53"
2336,86,1,4571,9.99,"2005-07-08 05:34:41","2006-02-15 22:12:54"
2338,86,1,5752,8.99,"2005-07-10 12:27:38","2006-02-15 22:12:54"
2339,86,2,6872,7.99,"2005-07-12 20:15:04","2006-02-15 22:12:54"
2341,86,1,7874,10.99,"2005-07-28 10:21:52","2006-02-15 22:12:54"
2342,86,2,8803,5.99,"2005-07-29 21:26:24","2006-02-15 22:12:54"
2345,86,2,10252,8.99,"2005-08-01 02:39:39","2006-02-15 22:12:54"
2347,86,2,10584,6.99,"2005-08-01 13:58:47","2006-02-15 22:12:54"
2357,86,2,15940,5.99,"2005-08-23 18:45:06","2006-02-15 22:12:54"
2364,87,2,3122,9.99,"2005-06-20 18:25:57","2006-02-15 22:12:54"
2365,87,1,5084,7.99,"2005-07-09 05:33:27","2006-02-15 22:12:54"
2370,87,2,8187,7.99,"2005-07-28 22:33:53","2006-02-15 22:12:54"
2371,87,1,8286,5.99,"2005-07-29 02:02:46","2006-02-15 22:12:54"
2375,87,2,9364,8.99,"2005-07-30 18:44:44","2006-02-15 22:12:54"
2379,87,1,12257,8.99,"2005-08-18 04:11:03","2006-02-15 22:12:54"
2380,87,1,12264,5.99,"2005-08-18 04:17:33","2006-02-15 22:12:54"
2383,87,2,14024,10.99,"2005-08-20 21:13:58","2006-02-15 22:12:54"
2390,88,1,2483,7.99,"2005-06-18 21:22:23","2006-02-15 22:12:54"
2394,88,2,3673,5.99,"2005-07-06 09:02:09","2006-02-15 22:12:55"
2395,88,1,3846,5.99,"2005-07-06 16:43:10","2006-02-15 22:12:55"
2398,88,1,7088,5.99,"2005-07-27 04:42:28","2006-02-15 22:12:55"
2399,88,1,7621,8.99,"2005-07-28 00:34:06","2006-02-15 22:12:55"
2404,88,1,11056,6.99,"2005-08-02 06:36:27","2006-02-15 22:12:55"
2406,88,2,14827,5.99,"2005-08-22 01:32:32","2006-02-15 22:12:55"
2411,89,1,740,5.99,"2005-05-29 08:30:36","2006-02-15 22:12:55"
2412,89,1,1252,8.99,"2005-06-15 06:05:18","2006-02-15 22:12:55"
2413,89,2,1407,7.99,"2005-06-15 16:45:07","2006-02-15 22:12:55"
2416,89,1,2835,7.99,"2005-06-19 21:44:11","2006-02-15 22:12:55"
2419,89,1,4764,8.99,"2005-07-08 15:01:25","2006-02-15 22:12:55"
2420,89,2,5144,7.99,"2005-07-09 08:09:53","2006-02-15 22:12:55"
2424,89,2,7370,7.99,"2005-07-27 15:15:53","2006-02-15 22:12:55"
2442,90,2,2584,6.99,"2005-06-19 05:02:36","2006-02-15 22:12:55"
2448,90,2,7035,5.99,"2005-07-27 03:06:09","2006-02-15 22:12:55"
2450,90,1,7428,5.99,"2005-07-27 17:21:52","2006-02-15 22:12:55"
2451,90,1,7946,6.99,"2005-07-28 13:01:22","2006-02-15 22:12:55"
2454,90,2,8870,9.99,"2005-07-30 00:08:08","2006-02-15 22:12:56"
2456,90,2,10206,7.99,"2005-08-01 00:52:40","2006-02-15 22:12:56"
2468,90,1,15674,7.99,"2005-08-23 09:16:39","2006-02-15 22:12:56"
2469,91,2,216,5.99,"2005-05-26 09:17:43","2006-02-15 22:12:56"
2504,92,1,271,5.99,"2005-05-26 16:22:01","2006-02-15 22:12:56"
2508,92,1,2740,8.99,"2005-06-19 15:59:04","2006-02-15 22:12:56"
2509,92,2,3595,8.99,"2005-07-06 04:59:49","2006-02-15 22:12:56"
2510,92,2,3716,7.99,"2005-07-06 10:52:32","2006-02-15 22:12:56"
2513,92,2,5497,5.99,"2005-07-10 00:23:23","2006-02-15 22:12:56"
2514,92,2,5620,7.99,"2005-07-10 05:30:52","2006-02-15 22:12:56"
2515,92,1,5792,6.99,"2005-07-10 14:22:19","2006-02-15 22:12:57"
2518,92,2,6277,6.99,"2005-07-11 16:19:01","2006-02-15 22:12:57"
2527,92,2,13020,5.99,"2005-08-19 08:07:50","2006-02-15 22:12:57"
2533,93,2,420,6.99,"2005-05-27 15:19:38","2006-02-15 22:12:57"
2543,93,2,11271,5.99,"2005-08-02 14:18:22","2006-02-15 22:12:57"
2547,93,1,13950,8.99,"2005-08-20 17:58:00","2006-02-15 22:12:57"
2551,93,2,15324,5.99,"2005-08-22 20:23:13","2006-02-15 22:12:57"
2563,94,1,4287,8.99,"2005-07-07 15:37:31","2006-02-15 22:12:57"
2570,94,1,13786,5.99,"2005-08-20 12:13:24","2006-02-15 22:12:57"
2583,95,1,4835,5.99,"2005-07-08 18:08:13","2006-02-15 22:12:58"
2584,95,2,7245,5.99,"2005-07-27 10:29:06","2006-02-15 22:12:58"
2586,95,1,9222,6.99,"2005-07-30 13:21:08","2006-02-15 22:12:58"
2587,95,1,9695,6.99,"2005-07-31 07:13:30","2006-02-15 22:12:58"
2591,95,2,12351,5.99,"2005-08-18 07:32:12","2006-02-15 22:12:58"
2592,95,2,13516,7.99,"2005-08-20 02:32:45","2006-02-15 22:12:58"
2595,96,2,1413,7.99,"2005-06-15 17:25:07","2006-02-15 22:12:58"
2598,96,2,2973,5.99,"2005-06-20 07:59:27","2006-02-15 22:12:58"
2608,96,1,8437,6.99,"2005-07-29 07:23:43","2006-02-15 22:12:58"
2632,97,2,7182,5.99,"2005-07-27 08:15:38","2006-02-15 22:12:59"
2641,98,2,1590,5.99,"2005-06-16 05:11:41","2006-02-15 22:12:59"
2646,98,2,3682,7.99,"2005-07-06 09:22:48","2006-02-15 22:12:59"
2651,98,1,8324,5.99,"2005-07-29 03:56:05","2006-02-15 22:12:59"
2653,98,2,8818,5.99,"2005-07-29 22:14:04","2006-02-15 22:12:59"
2659,98,1,11635,5.99,"2005-08-17 04:33:17","2006-02-15 22:12:59"
2661,98,2,12221,5.99,"2005-08-18 02:50:51","2006-02-15 22:12:59"
2663,98,1,15536,7.99,"2005-08-23 03:58:28","2006-02-15 22:12:59"
2667,99,2,3780,6.99,"2005-07-06 13:52:02","2006-02-15 22:12:59"
2680,99,2,8242,7.99,"2005-07-29 00:34:27","2006-02-15 22:12:59"
2682,99,2,10388,7.99,"2005-08-01 06:42:44","2006-02-15 22:12:59"
2686,99,2,12869,8.99,"2005-08-19 02:50:36","2006-02-15 22:13:00"
2692,100,2,3468,6.99,"2005-06-21 22:43:45","2006-02-15 22:13:00"
2693,100,2,3602,5.99,"2005-07-06 05:23:10","2006-02-15 22:13:00"
2694,100,1,3800,8.99,"2005-07-06 15:01:27","2006-02-15 22:13:00"
2696,100,1,4970,8.99,"2005-07-08 23:54:29","2006-02-15 22:13:00"
2697,100,2,4980,6.99,"2005-07-09 00:26:59","2006-02-15 22:13:00"
2699,100,2,5355,6.99,"2005-07-09 18:07:17","2006-02-15 22:13:00"
2704,100,2,9048,5.99,"2005-07-30 06:57:07","2006-02-15 22:13:00"
2712,101,1,468,9.99,"2005-05-27 21:13:10","2006-02-15 22:13:00"
2715,101,1,5132,5.99,"2005-07-09 07:40:32","2006-02-15 22:13:00"
2718,101,2,6433,5.99,"2005-07-12 00:12:02","2006-02-15 22:13:00"
2719,101,2,7112,5.99,"2005-07-27 05:38:42","2006-02-15 22:13:00"
2720,101,2,7866,8.99,"2005-07-28 10:08:01","2006-02-15 22:13:00"
2724,101,2,9965,6.99,"2005-07-31 16:19:32","2006-02-15 22:13:00"
2726,101,1,10253,6.99,"2005-08-01 02:39:49","2006-02-15 22:13:00"
2740,102,2,2419,8.99,"2005-06-18 17:21:24","2006-02-15 22:13:00"
2744,102,1,4089,6.99,"2005-07-07 05:45:59","2006-02-15 22:13:01"
2746,102,1,4997,6.99,"2005-07-09 01:06:03","2006-02-15 22:13:01"
2747,102,1,5009,5.99,"2005-07-09 01:32:17","2006-02-15 22:13:01"
2749,102,2,5509,5.99,"2005-07-10 00:54:46","2006-02-15 22:13:01"
2751,102,2,6434,5.99,"2005-07-12 00:14:25","2006-02-15 22:13:01"
2754,102,2,7439,6.99,"2005-07-27 17:42:31","2006-02-15 22:13:01"
2756,102,1,8664,5.99,"2005-07-29 15:36:27","2006-02-15 22:13:01"
2766,102,1,13420,9.99,"2005-08-19 22:57:25","2006-02-15 22:13:01"
2769,103,1,240,7.99,"2005-05-26 12:40:23","2006-02-15 22:13:01"
2770,103,1,658,9.99,"2005-05-28 20:23:23","2006-02-15 22:13:01"
2775,103,2,3750,6.99,"2005-07-06 12:19:28","2006-02-15 22:13:01"
2777,103,2,4040,6.99,"2005-07-07 03:02:40","2006-02-15 22:13:01"
2782,103,1,6525,5.99,"2005-07-12 04:17:15","2006-02-15 22:13:01"
2783,103,2,6697,6.99,"2005-07-12 12:44:57","2006-02-15 22:13:01"
2786,103,2,7472,6.99,"2005-07-27 19:04:19","2006-02-15 22:13:01"
2790,103,2,12942,7.99,"2005-08-19 05:40:36","2006-02-15 22:13:01"
2794,103,2,15401,8.99,"2005-08-22 23:13:10","2006-02-15 22:13:01"
2795,103,1,15461,5.99,"2005-08-23 01:13:52","2006-02-15 22:13:01"
2797,103,1,15599,5.99,"2005-08-23 06:25:07","2006-02-15 22:13:01"
2799,103,2,16048,8.99,"2005-08-23 22:43:07","2006-02-15 22:13:02"
2800,104,1,163,10.99,"2005-05-26 02:26:23","2006-02-15 22:13:02"
2807,104,2,4438,6.99,"2005-07-07 22:56:17","2006-02-15 22:13:02"
2809,104,1,4529,7.99,"2005-07-08 03:26:20","2006-02-15 22:13:02"
2815,104,2,9996,5.99,"2005-07-31 17:32:03","2006-02-15 22:13:02"
2824,105,1,327,8.99,"2005-05-27 01:18:57","2006-02-15 22:13:02"
2825,105,2,473,7.99,"2005-05-27 21:36:34","2006-02-15 22:13:02"
2827,105,1,779,6.99,"2005-05-29 14:17:17","2006-02-15 22:13:02"
2839,105,2,9198,5.99,"2005-07-30 12:37:08","2006-02-15 22:13:02"
2840,105,2,9210,9.99,"2005-07-30 12:56:44","2006-02-15 22:13:02"
2844,105,1,13057,6.99,"2005-08-19 09:40:05","2006-02-15 22:13:02"
2863,106,2,9747,7.99,"2005-07-31 09:16:57","2006-02-15 22:13:03"
2864,106,2,10213,8.99,"2005-08-01 01:03:18","2006-02-15 22:13:03"
2866,106,1,10444,8.99,"2005-08-01 09:01:40","2006-02-15 22:13:03"
2868,106,1,12159,7.99,"2005-08-18 00:36:09","2006-02-15 22:13:03"
2872,106,1,15154,6.99,"2005-08-22 14:27:37","2006-02-15 22:13:03"
2873,107,1,170,5.99,"2005-05-26 03:11:12","2006-02-15 22:13:03"
2874,107,1,1026,5.99,"2005-05-31 03:45:26","2006-02-15 22:13:03"
2876,107,2,2693,6.99,"2005-06-19 13:11:47","2006-02-15 22:13:03"
2882,107,2,3824,6.99,"2005-07-06 15:43:15","2006-02-15 22:13:03"
2888,107,1,6811,5.99,"2005-07-12 17:54:33","2006-02-15 22:13:03"
2889,107,2,6934,6.99,"2005-07-26 23:11:03","2006-02-15 22:13:03"
2891,107,1,7600,7.99,"2005-07-27 23:41:18","2006-02-15 22:13:03"
2898,107,1,13510,6.99,"2005-08-20 02:18:30","2006-02-15 22:13:03"
2907,108,1,2061,8.99,"2005-06-17 15:47:00","2006-02-15 22:13:03"
2915,108,2,5274,6.99,"2005-07-09 14:34:09","2006-02-15 22:13:04"
2916,108,1,5661,5.99,"2005-07-10 07:53:51","2006-02-15 22:13:04"
2919,108,2,8329,5.99,"2005-07-29 04:06:33","2006-02-15 22:13:04"
2923,108,1,11316,5.99,"2005-08-02 16:07:49","2006-02-15 22:13:04"
2924,108,2,11445,6.99,"2005-08-02 20:33:35","2006-02-15 22:13:04"
2927,108,2,12625,6.99,"2005-08-18 17:36:19","2006-02-15 22:13:04"
2930,108,2,15556,8.99,"2005-08-23 04:52:16","2006-02-15 22:13:04"
2933,109,1,203,5.99,"2005-05-26 07:27:57","2006-02-15 22:13:04"
2937,109,1,1061,7.99,"2005-05-31 08:27:58","2006-02-15 22:13:04"
2942,109,2,2198,6.99,"2005-06-18 01:51:22","2006-02-15 22:13:04"
2943,109,2,2679,5.99,"2005-06-19 12:12:30","2006-02-15 22:13:04"
2944,109,2,3076,5.99,"2005-06-20 15:01:19","2006-02-15 22:13:04"
2948,109,2,6920,6.99,"2005-07-12 22:32:58","2006-02-15 22:13:04"
2955,109,2,12137,6.99,"2005-08-17 23:52:26","2006-02-15 22:13:04"
2957,109,2,15398,7.99,"2005-08-22 23:10:49","2006-02-15 22:13:04"
2959,110,1,515,7.99,"2005-05-28 03:10:10","2006-02-15 22:13:04"
2961,110,2,1528,8.99,"2005-06-16 00:32:52","2006-02-15 22:13:04"
2969,110,1,11647,7.99,"2005-08-17 04:54:14","2006-02-15 22:13:05"
2974,111,1,1593,6.99,"2005-06-16 05:14:52","2006-02-15 22:13:05"
2982,111,2,3963,9.99,"2005-07-06 22:19:17","2006-02-15 22:13:05"
2995,111,2,13525,5.99,"2005-08-20 02:50:44","2006-02-15 22:13:05"
2997,111,2,15174,6.99,"2005-08-22 15:26:36","2006-02-15 22:13:05"
3011,112,2,9321,6.99,"2005-07-30 17:19:44","2006-02-15 22:13:05"
3013,112,1,9830,5.99,"2005-07-31 11:59:05","2006-02-15 22:13:05"
3016,112,2,10596,5.99,"2005-08-01 14:18:57","2006-02-15 22:13:06"
3018,112,1,11599,7.99,"2005-08-17 03:08:10","2006-02-15 22:13:06"
3021,112,2,13611,8.99,"2005-08-20 06:20:42","2006-02-15 22:13:06"
3023,112,2,14049,5.99,"2005-08-20 22:08:55","2006-02-15 22:13:06"
3027,112,1,15687,8.99,"2005-08-23 09:46:33","2006-02-15 22:13:06"
3035,113,1,3124,8.99,"2005-06-20 18:28:19","2006-02-15 22:13:06"
3036,113,1,3162,6.99,"2005-06-20 21:21:15","2006-02-15 22:13:06"
3037,113,2,3657,5.99,"2005-07-06 07:55:30","2006-02-15 22:13:06"
3042,113,1,5774,5.99,"2005-07-10 13:31:56","2006-02-15 22:13:06"
3045,113,2,7468,5.99,"2005-07-27 18:52:27","2006-02-15 22:13:06"
3047,113,2,9221,6.99,"2005-07-30 13:20:06","2006-02-15 22:13:06"
3051,113,2,11655,7.99,"2005-08-17 05:11:07","2006-02-15 22:13:06"
3052,113,1,11872,5.99,"2005-08-17 14:11:45","2006-02-15 22:13:06"
3053,113,1,12392,5.99,"2005-08-18 08:57:58","2006-02-15 22:13:06"
3062,114,2,2680,7.99,"2005-06-19 12:13:37","2006-02-15 22:13:07"
3064,114,2,3144,5.99,"2005-06-20 20:14:20","2006-02-15 22:13:07"
3076,114,2,7938,5.99,"2005-07-28 12:39:11","2006-02-15 22:13:07"
3078,114,1,8590,10.99,"2005-07-29 12:32:20","2006-02-15 22:13:07"
3082,114,1,12685,6.99,"2005-08-18 19:51:29","2006-02-15 22:13:07"
3083,114,2,13459,6.99,"2005-08-20 00:45:40","2006-02-15 22:13:07"
3084,114,2,14158,5.99,"2005-08-21 02:43:20","2006-02-15 22:13:07"
3096,115,1,3289,6.99,"2005-06-21 06:41:48","2006-02-15 22:13:07"
3104,115,1,6574,5.99,"2005-07-12 06:04:22","2006-02-15 22:13:07"
3105,115,1,6798,6.99,"2005-07-12 16:49:11","2006-02-15 22:13:07"
3118,115,1,15176,6.99,"2005-08-22 15:30:25","2006-02-15 22:13:08"
3128,116,2,3908,6.99,"2005-07-06 19:47:26","2006-02-15 22:13:08"
3135,116,2,7763,5.99,"2005-07-28 06:35:16","2006-02-15 22:13:08"
3136,116,2,9245,6.99,"2005-07-30 14:07:50","2006-02-15 22:13:08"
3142,116,2,13146,7.99,"2005-08-19 12:54:42","2006-02-15 22:13:08"
3145,116,1,13775,6.99,"2005-08-20 11:56:30","2006-02-15 22:13:08"
3146,116,2,14763,11.99,"2005-08-21 23:34:00","2006-02-15 22:13:08"
3152,117,2,5506,5.99,"2005-07-10 00:45:48","2006-02-15 22:13:08"
3154,117,1,6093,9.99,"2005-07-11 05:52:50","2006-02-15 22:13:08"
3155,117,1,6449,6.99,"2005-07-12 00:48:58","2006-02-15 22:13:08"
3162,117,1,12575,6.99,"2005-08-18 15:37:42","2006-02-15 22:13:08"
3167,118,2,351,5.99,"2005-05-27 05:39:03","2006-02-15 22:13:09"
3179,118,2,8760,7.99,"2005-07-29 19:22:40","2006-02-15 22:13:09"
3183,118,2,13193,6.99,"2005-08-19 14:33:45","2006-02-15 22:13:09"
3184,118,2,14394,5.99,"2005-08-21 10:23:10","2006-02-15 22:13:09"
3185,118,2,14595,7.99,"2005-08-21 17:35:17","2006-02-15 22:13:09"
3189,119,1,235,5.99,"2005-05-26 11:51:09","2006-02-15 22:13:09"
3190,119,2,540,6.99,"2005-05-28 06:40:25","2006-02-15 22:13:09"
3191,119,1,1179,7.99,"2005-06-15 00:36:50","2006-02-15 22:13:09"
3193,119,2,3388,5.99,"2005-06-21 14:34:51","2006-02-15 22:13:09"
3194,119,2,4840,8.99,"2005-07-08 18:18:16","2006-02-15 22:13:09"
3195,119,1,5176,5.99,"2005-07-09 09:39:31","2006-02-15 22:13:09"
3197,119,1,6079,7.99,"2005-07-11 05:07:14","2006-02-15 22:13:09"
3200,119,1,8183,5.99,"2005-07-28 22:21:07","2006-02-15 22:13:09"
3208,119,1,11520,5.99,"2005-08-17 00:04:28","2006-02-15 22:13:09"
3211,119,2,12842,6.99,"2005-08-19 01:57:21","2006-02-15 22:13:10"
3215,119,2,14643,6.99,"2005-08-21 19:11:58","2006-02-15 22:13:10"
3219,119,2,15171,6.99,"2005-08-22 15:23:59","2006-02-15 22:13:10"
3222,120,2,68,7.99,"2005-05-25 09:47:31","2006-02-15 22:13:10"
3228,120,1,2803,9.99,"2005-06-19 19:18:27","2006-02-15 22:13:10"
3230,120,1,4001,5.99,"2005-07-07 00:07:00","2006-02-15 22:13:10"
3233,120,2,4666,9.99,"2005-07-08 10:05:02","2006-02-15 22:13:10"
3240,120,1,8998,6.99,"2005-07-30 04:54:14","2006-02-15 22:13:10"
3241,120,2,9907,6.99,"2005-07-31 14:39:50","2006-02-15 22:13:10"
3247,120,2,13375,7.99,"2005-08-19 21:31:31","2006-02-15 22:13:10"
3251,120,2,14460,9.99,"2005-08-21 12:48:48","2006-02-15 22:13:10"
3252,120,2,14969,6.99,"2005-08-22 06:49:15","2006-02-15 22:13:10"
3262,121,1,8370,6.99,"2005-07-29 05:16:21","2006-02-15 22:13:11"
3265,121,2,8969,8.99,"2005-07-30 04:00:19","2006-02-15 22:13:11"
3266,121,2,10457,5.99,"2005-08-01 09:17:34","2006-02-15 22:13:11"
3267,121,2,11720,8.99,"2005-08-17 07:46:54","2006-02-15 22:13:11"
3271,121,1,12881,5.99,"2005-08-19 03:28:13","2006-02-15 22:13:11"
3273,121,1,14138,7.99,"2005-08-21 01:59:37","2006-02-15 22:13:11"
3275,121,2,14412,9.99,"2005-08-21 11:02:09","2006-02-15 22:13:11"
3277,121,2,15114,7.99,"2005-08-22 12:24:55","2006-02-15 22:13:11"
3283,122,2,1442,7.99,"2005-06-15 18:55:34","2006-02-15 22:13:11"
3291,122,1,4239,7.99,"2005-07-07 13:23:17","2006-02-15 22:13:11"
3293,122,2,5235,6.99,"2005-07-09 12:54:25","2006-02-15 22:13:11"
3297,122,2,6974,7.99,"2005-07-27 00:39:16","2006-02-15 22:13:11"
3302,122,1,8772,5.99,"2005-07-29 19:55:25","2006-02-15 22:13:11"
3311,122,2,14666,5.99,"2005-08-21 19:51:09","2006-02-15 22:13:12"
3319,123,1,4860,8.99,"2005-07-08 18:54:07","2006-02-15 22:13:12"
3324,123,1,7969,5.99,"2005-07-28 13:57:37","2006-02-15 22:13:12"
3328,123,2,10295,8.99,"2005-08-01 03:53:49","2006-02-15 22:13:12"
3332,123,2,15152,7.99,"2005-08-22 14:25:21","2006-02-15 22:13:12"
3339,124,2,1130,5.99,"2005-05-31 18:13:57","2006-02-15 22:13:12"
3341,124,1,4341,7.99,"2005-07-07 18:44:23","2006-02-15 22:13:12"
3345,124,1,7519,6.99,"2005-07-27 21:01:41","2006-02-15 22:13:12"
3346,124,2,7700,8.99,"2005-07-28 03:54:14","2006-02-15 22:13:12"
3349,124,2,11493,5.99,"2005-08-02 22:47:00","2006-02-15 22:13:12"
3357,125,1,2826,7.99,"2005-06-19 20:41:35","2006-02-15 22:13:13"
3361,125,2,5523,7.99,"2005-07-10 01:47:55","2006-02-15 22:13:13"
3363,125,2,6268,6.99,"2005-07-11 15:55:34","2006-02-15 22:13:13"
3370,125,1,9129,9.99,"2005-07-30 09:51:21","2006-02-15 22:13:13"
3377,125,2,11279,7.99,"2005-08-02 14:30:03","2006-02-15 22:13:13"
3383,125,2,13441,6.99,"2005-08-19 23:48:23","2006-02-15 22:13:13"
3390,126,2,3502,5.99,"2005-07-06 00:15:06","2006-02-15 22:13:13"
3392,126,1,3804,7.99,"2005-07-06 15:08:08","2006-02-15 22:13:13"
3398,126,2,6755,6.99,"2005-07-12 15:07:49","2006-02-15 22:13:14"
3401,126,1,9492,6.99,"2005-07-30 23:52:21","2006-02-15 22:13:14"
3403,126,1,11196,9.99,"2005-08-02 11:42:40","2006-02-15 22:13:14"
3408,126,2,13015,7.99,"2005-08-19 07:56:51","2006-02-15 22:13:14"
3413,126,1,16007,7.99,"2005-08-23 21:02:43","2006-02-15 22:13:14"
3419,127,1,4652,5.99,"2005-07-08 09:47:51","2006-02-15 22:13:14"
3420,127,2,4811,5.99,"2005-07-08 17:04:24","2006-02-15 22:13:14"
3424,127,2,8209,6.99,"2005-07-28 23:29:28","2006-02-15 22:13:14"
3425,127,1,9859,6.99,"2005-07-31 13:02:55","2006-02-15 22:13:14"
3427,127,1,10787,10.99,"2005-08-01 21:35:01","2006-02-15 22:13:14"
3428,127,1,10973,7.99,"2005-08-02 04:09:42","2006-02-15 22:13:14"
3436,127,1,15463,5.99,"2005-08-23 01:15:07","2006-02-15 22:13:14"
3437,127,2,15736,5.99,"2005-08-23 11:40:30","2006-02-15 22:13:14"
3438,128,2,888,5.99,"2005-05-30 07:13:14","2006-02-15 22:13:14"
3440,128,2,2519,7.99,"2005-06-19 00:19:21","2006-02-15 22:13:14"
3443,128,2,3995,5.99,"2005-07-06 23:43:03","2006-02-15 22:13:14"
3448,128,2,6481,6.99,"2005-07-12 01:50:15","2006-02-15 22:13:15"
3452,128,2,9215,5.99,"2005-07-30 13:11:11","2006-02-15 22:13:15"
3454,128,1,9433,5.99,"2005-07-30 21:28:17","2006-02-15 22:13:15"
3463,128,2,13181,5.99,"2005-08-19 14:00:56","2006-02-15 22:13:15"
3467,128,1,14925,8.99,"2005-08-22 05:16:16","2006-02-15 22:13:15"
3469,128,1,15835,8.99,"2005-08-23 15:25:27","2006-02-15 22:13:15"
3488,129,1,9983,7.99,"2005-07-31 17:09:36","2006-02-15 22:13:15"
3489,129,1,10024,7.99,"2005-07-31 18:26:36","2006-02-15 22:13:15"
3490,129,2,10167,5.99,"2005-07-31 23:24:31","2006-02-15 22:13:15"
3498,129,2,13653,10.99,"2005-08-20 07:54:54","2006-02-15 22:13:16"
3511,130,1,2982,6.99,"2005-06-20 08:38:29","2006-02-15 22:13:16"
3519,130,2,9724,5.99,"2005-07-31 08:33:08","2006-02-15 22:13:16"
3521,130,2,10645,5.99,"2005-08-01 15:52:01","2006-02-15 22:13:16"
3524,130,1,12777,6.99,"2005-08-18 23:39:22","2006-02-15 22:13:16"
3526,130,2,15574,5.99,"2005-08-23 05:29:32","2006-02-15 22:13:16"
3530,131,2,944,7.99,"2005-05-30 15:26:24","2006-02-15 22:13:16"
3531,131,1,1646,9.99,"2005-06-16 09:12:53","2006-02-15 22:13:16"
3541,131,1,8267,6.99,"2005-07-29 01:21:02","2006-02-15 22:13:17"
3542,131,1,8570,8.99,"2005-07-29 11:40:08","2006-02-15 22:13:17"
3551,131,1,12372,9.99,"2005-08-18 08:04:35","2006-02-15 22:13:17"
3552,131,2,13050,6.99,"2005-08-19 09:31:23","2006-02-15 22:13:17"
3553,131,2,13346,7.99,"2005-08-19 20:28:21","2006-02-15 22:13:17"
3568,132,1,4557,5.99,"2005-07-08 04:49:15","2006-02-15 22:13:17"
3571,132,2,5684,5.99,"2005-07-10 08:59:03","2006-02-15 22:13:17"
3574,132,1,6239,6.99,"2005-07-11 14:20:48","2006-02-15 22:13:17"
3579,132,1,10400,6.99,"2005-08-01 07:18:24","2006-02-15 22:13:17"
3581,132,1,10638,6.99,"2005-08-01 15:44:20","2006-02-15 22:13:17"
3586,133,1,275,6.99,"2005-05-26 17:09:53","2006-02-15 22:13:17"
3589,133,2,2665,7.99,"2005-06-19 11:12:35","2006-02-15 22:13:18"
3592,133,2,4506,6.99,"2005-07-08 02:22:18","2006-02-15 22:13:18"
3594,133,1,4681,6.99,"2005-07-08 10:36:03","2006-02-15 22:13:18"
3601,133,2,8389,6.99,"2005-07-29 05:50:09","2006-02-15 22:13:18"
3612,133,1,16009,6.99,"2005-08-23 21:07:59","2006-02-15 22:13:18"
3615,134,1,814,6.99,"2005-05-29 20:16:12","2006-02-15 22:13:18"
3617,134,1,1618,9.99,"2005-06-16 07:08:38","2006-02-15 22:13:18"
3620,134,1,3267,5.99,"2005-06-21 04:55:21","2006-02-15 22:13:18"
3627,134,1,10864,6.99,"2005-08-02 00:18:59","2006-02-15 22:13:18"
3631,134,1,12754,7.99,"2005-08-18 22:37:41","2006-02-15 22:13:18"
3636,135,1,78,5.99,"2005-05-25 11:35:18","2006-02-15 22:13:19"
3642,135,2,5054,7.99,"2005-07-09 04:01:02","2006-02-15 22:13:19"
3649,135,1,7554,7.99,"2005-07-27 22:12:41","2006-02-15 22:13:19"
3652,135,2,8885,7.99,"2005-07-30 00:36:26","2006-02-15 22:13:19"
3653,135,1,8987,6.99,"2005-07-30 04:37:36","2006-02-15 22:13:19"
3658,135,2,11194,5.99,"2005-08-02 11:35:53","2006-02-15 22:13:19"
3659,135,1,11704,7.99,"2005-08-17 07:21:22","2006-02-15 22:13:19"
3663,135,2,14136,5.99,"2005-08-21 01:57:26","2006-02-15 22:13:19"
3671,136,1,6585,8.99,"2005-07-12 06:50:52","2006-02-15 22:13:19"
3673,136,2,9764,5.99,"2005-07-31 09:42:58","2006-02-15 22:13:19"
3674,136,2,11992,10.99,"2005-08-17 18:27:22","2006-02-15 22:13:19"
3675,136,1,12287,5.99,"2005-08-18 04:58:06","2006-02-15 22:13:19"
3682,137,1,2469,6.99,"2005-06-18 20:24:23","2006-02-15 22:13:20"
3685,137,1,3436,5.99,"2005-06-21 19:16:09","2006-02-15 22:13:20"
3687,137,2,3676,5.99,"2005-07-06 09:10:37","2006-02-15 22:13:20"
3688,137,2,3874,6.99,"2005-07-06 18:06:12","2006-02-15 22:13:20"
3689,137,1,4332,6.99,"2005-07-07 18:25:26","2006-02-15 22:13:20"
3694,137,1,6039,6.99,"2005-07-11 03:12:19","2006-02-15 22:13:20"
3696,137,1,8028,8.99,"2005-07-28 16:11:15","2006-02-15 22:13:20"
3701,137,2,9466,7.99,"2005-07-30 22:44:36","2006-02-15 22:13:20"
3704,137,1,10175,6.99,"2005-07-31 23:40:11","2006-02-15 22:13:20"
3706,137,2,10842,5.99,"2005-08-01 23:41:24","2006-02-15 22:13:20"
3712,137,1,13472,5.99,"2005-08-20 01:03:31","2006-02-15 22:13:20"
3713,137,1,13776,5.99,"2005-08-20 11:57:06","2006-02-15 22:13:20"
3714,137,1,14754,7.99,"2005-08-21 23:17:26","2006-02-15 22:13:20"
3715,137,2,15082,7.99,"2005-08-22 11:17:06","2006-02-15 22:13:20"
3719,137,1,16030,9.99,"2005-08-23 21:56:04","2006-02-15 22:13:20"
